year,ranking,album,writer
1948,465,Muddy Waters 'Rollin' Stone',McKinley Morganfield
1949,112,Hank Williams 'I'm So Lonesome I Could Cry',Williams
1953,217,Hank Williams 'Your Cheatin' Heart',Williams Fred Rose
1953,254,The Drifters 'Money Honey',Jesse Stone
1954,113,Elvis Presley 'That's All Right',Arthur Crudup
1954,127,Big Joe Turner 'Shake Rattle & Roll',Charles Calhoun
1954,152,The Penguins 'Earth Angel',Jesse Belvin  Curtis Williams
1954,159,Bill Haley and His Comets '(We're Gonna) Rock Around the Clock',Jimmy DeKnight Max Freedman
1954,226,Muddy Waters 'Hoochie Coochie Man',Willie Dixon
1954,239,Ray Charles 'I Got a Woman',Charles  Renald Richard
1954,337,Earth Wind and Fire 'Way of the World',Maurice White  Verdine White  Charles Stepney
1955,18,Chuck Berry 'Maybellene',Berry
1955,43,Little Richard 'Tutti Frutti',Dorothy La Bostrie  Richard Penniman  Joe Lubin
1955,62,Bo Diddley 'Bo Diddley',Ellas McDaniel
1955,77,Elvis Presley 'Mystery Train',Junior Parker  Sam Phillips
1955,230,Muddy Waters 'Mannish Boy',McKinley Morganfield  Mel London  Ellas McDaniel
1955,360,The Platters 'The Great Pretender',Buck Ram
1955,378,Bo Diddley 'I'm a Man',Diddley
1955,438,Fats Domino 'Ain't It a Shame',Dave Bartholomew  Domino
1956,19,Elvis Presley 'Hound Dog',Jerry Leiber  Mike Stoller
1956,30,Johnny Cash 'I Walk the Line',Cash
1956,45,Elvis Presley 'Heartbreak Hotel',Mae Boren Axton  Tommy Durden  Presley
1956,55,Little Richard 'Long Tall Sally',Robert  Bumps  Blackwell  Enotris Johnson  Little Richard
1956,82,Fats Domino 'Blueberry Hill',Al Lewis  Larry Stock  Vincent Rose
1956,90,The Five Satins 'In the Still of the Night',Fred Parris
1956,95,Carl Perkins 'Blue Suede Shoes',Perkins
1956,97,Chuck Berry 'Roll Over Beethoven',Berry
1956,103,Gene Vincent and His Blue Caps 'Be Bop A Lula',Vincent  Bill Davis
1956,143,James Brown and His Famous Flames 'Please Please Please',Brown  Johnny Terry
1956,163,Johnny Cash 'Folsom Prison Blues',Cash
1956,200,Elvis Presley 'Don't Be Cruel',Otis Blackwell  Presley
1956,291,Howlin' Wolf 'Smokestack Lightning',Chester Burnett
1956,314,Frankie Lymon and The Teenagers 'Why Do Fools Fall In Love',Lymon  Morris Levy
1956,320,Screamin' Jay Hawkins 'I Put a Spell on You',Screamin  Jay Hawkins  Herb Slotkin
1956,352,Lavern Baker 'Jim Dandy',Lincoln Chase
1956,383,Chuck Berry 'Brown Eyed Handsome Man',Berry
1956,430,Elvis Presley 'Blue Suede Shoes',Carl Perkins
1956,444,Elvis Presley 'Love Me Tender',Presley  Vera Watson
1957,39,Buddy Holly and the Crickets 'That'll Be the Day',Jerry Allison  Holly  Norman Petty
1957,61,Jerry Lee Lewis 'Whole Lotta Shakin' Going On',Dave Williams  Roy Hall
1957,67,Elvis Presley 'Jailhouse Rock',Jerry Leiber  Mike Stoller
1957,96,Jerry Lee Lewis 'Great Balls of Fire',Otis Blackwell  Jack Hammer
1957,108,Buddy Holly and the Crickets 'Not Fade Away',Holly  Norman Petty
1957,115,Sam Cooke 'You Send Me',Cooke
1957,129,Chuck Berry 'Rock & Roll Music',Berry
1957,133,Bo Diddley 'Who Do You Love?',Ellas McDaniel
1957,197,Buddy Holly 'Peggy Sue',Jerry Allison  Holly  Norman Petty
1957,199,The Chantels 'Maybe',Arlene Smith
1957,210,The Everly Brothers 'Bye Bye Love',Boudleaux and Felice Bryant
1957,238,Buddy Holly and the Crickets 'Everyday',Charles Hardin  Norman Petty
1957,318,The Everly Brothers 'Wake Up Little Susie',Felice Bryant  Boudleaux Bryant
1957,361,Elvis Presley 'All Shook Up',Otis Blackwell  Presley
1957,368,Muddy Waters 'Got My Mojo Working',Preston Foster
1957,420,Little Richard 'The Girl Can't Help It',Bobby Troup
1957,421,The Coasters 'Young Blood',Jerry Leiber  Mike Stoller  Doc Pomus
1957,449,The Dell Vikings 'Come Go With Me',Clarence E. Quick
1958,7,Chuck Berry 'Johnny B. Goode',Chuck Berry
1958,74,Eddie Cochran 'Summertime Blues',Cochran  Jerry Capehart
1958,94,Little Richard 'Good Golly Miss Molly',Robert  Bumps  Blackwell  John Marascalco
1958,142,The Everly Brothers 'All I Have to Do Is Dream',Boudleaux and Felice Bryant
1958,155,Buddy Holly and the Crickets 'Rave On',Sonny West  Bill Tilghman  Norman Petty
1958,277,Chuck Berry 'Sweet Little Sixteen',Berry
1958,315,Jackie Wilson 'Lonely Teardrops',Berry Gordy  Gwen Gordy  Tyran Carlo
1958,335,Jerry Butler and The Impressions 'For Your Precious Love',Arthur Brooks  Butler
1958,354,Ritchie Valens 'La Bamba',William Clauson
1958,411,Eddie Cochran 'C'mon Everybody',Cochran  Jerry Capehart
1959,10,Ray Charles 'What'd I Say',Charles
1959,119,The Isley Brothers 'Shout (Parts 1 and 2)',Rudolph Isley  Ronald Isley  O Kelly Isley
1959,158,The Flamingos 'I Only Have Eyes for You',Harry Warren
1959,196,The Drifters 'There Goes My Baby',Benjamin Nelson  Lover Patterson  George Treadwell
1959,255,Bobby Darin 'Mack the Knife',Marc Blitzstein  Bertolt Brecht  Kurt Weill
1960,44,Ray Charles 'Georgia on My Mind',Hoagy Carmichael  Stuart Gorrell
1960,126,The Shirelles 'Will You Love Me Tomorrow',Gerry Goffin  Carole King
1960,150,The Everly Brothers 'Cathy's Clown',Phil and Don Everly
1960,184,The Drifters 'Save the Last Dance for Me',Doc Pomus  Mort Shuman
1960,221,Howlin' Wolf 'Spoonful',Willie Dixon
1960,234,Roy Orbison 'Only the Lonely',Joe Melson  Orbison
1960,294,Barrett Strong 'Money (That's What I Want)',Berry Gordy  Janie Bradford
1960,358,Ben E. King 'Spanish Harlem',Phil Spector  Jerry Leiber
1960,382,Sam Cooke 'Wonderful World',Cooke  Herb Alpert  Lou Adler
1960,409,The Shirelles 'Tonight's the Night',Luther Dixon  Shirley Owens
1960,457,Chubby Checker 'The Twist',Hank Ballard
1960,500,Smokey Robinson and the Miracles 'Shop Around',Berry Gordy  Robinson
1961,69,Roy Orbison 'Crying',Joe Melson  Orbison
1961,85,Patsy Cline 'Crazy',Willie Nelson
1961,122,Ben E. King 'Stand By Me',King  Elmo Glick  Jerry Leiber  Mike Stoller
1961,241,Patsy Cline 'I Fall to Pieces',Hank Cochran
1961,243,Dion 'The Wanderer',Ernie Maresca
1961,351,Dion 'Runaround Sue',Dion DiMucci  Ernie Maresca
1961,387,Ray Charles 'Hit the Road Jack',Percy Mayfield
1961,403,Elvis Presley 'Can't Help Falling in Love',George Weiss  Hugo Peretti  Luigi Creatore
1961,458,Sam Cooke 'Cupid',Cooke
1961,472,Del Shannon 'Runaway',Shannon  Max Crook
1962,114,The Drifters 'Up on the Roof',Gerry Goffin  Carole King
1962,164,Ray Charles 'I Can't Stop Loving You',Don Gibson
1962,183,Booker T. and the MG's 'Green Onions',Booker T. Jones  Steve Cropper  Lewis Steinberg  Al Jackson
1962,220,John Lee Hooker 'Boom Boom',Hooker
1962,267,The Crystals 'He's A Rebel',Gene Pitney
1962,359,Little Eva 'The Loco Motion',Gerry Goffin  Carole King
1963,14,Bob Dylan 'Blowin' in the Wind',Dylan
1963,16,The Beatles 'I Want to Hold Your Hand',John Lennon  Paul McCartney
1963,22,The Ronettes 'Be My Baby',Jeff Barry  Ellie Greenwich  Phil Spector
1963,54,The Kingsmen 'Louie Louie',Richard Berry
1963,64,The Beatles 'She Loves You', John Lennon  Paul McCartney 
1963,87,Johnny Cash 'Ring of Fire',June Carter  Merle Kilgore
1963,212,The Beach Boys 'In My Room',Brian Wilson  Gary Usher
1963,319,Roy Orbison 'In Dreams',Joe Melson  Orbison
1964,12,Sam Cooke 'A Change Is Gonna Come',Cooke
1964,34,The Righteous Brothers 'You've Lost That Lovin' Feelin'',Phil Spector  Barry Mann  Cynthia Weil
1964,40,Martha Reeves and the Vandellas 'Dancing in the Street',Marvin Gaye  Ivy Hunter  William  Mickey  Stevenson
1964,59,Bob Dylan 'The Times They Are A Changin',Dylan
1964,70,Dionne Warwick 'Walk On By',Burt Bacharach  Hal David
1964,80,The Kinks 'You Really Got Me',Ray Davies
1964,123,The Animals 'The House of the Rising Sun',Alan Price
1964,140,The Beatles 'I Saw Her Standing There',John Lennon Paul McCartney
1964,154,The Beatles 'A Hard Day's Night',John Lennon  Paul McCartney
1964,178,The Beach Boys 'Don't Worry Baby',Brian Wilson  Roger Christian
1964,186,The Beatles 'Please Please Me',John Lennon  Paul McCartney
1964,224,Roy Orbison 'Oh Pretty Woman',Orbison  Billy Dees
1964,269,The Ronettes 'Walking in the Rain',Barry Mann  Cynthia Weil 
1964,284,The Dixie Cups 'Chapel of Love',Jeff Barry  Ellie Greenwich  Phil Spector
1964,295,The Beatles 'Can't Buy Me Love',John Lennon  Paul McCartney
1964,297,The Zombies 'She's Not There',Rod Argent
1964,332,The Supremes 'Baby Love',Brian Holland Lamont Dozier  Eddie Holland
1964,400,The Four Tops 'Baby I Need Your Loving',Brian Holland  Lamont Dozier  Eddie Holland
1964,404,The Shangri Las 'Remember (Walkin' in the Sand)',George  Shadow  Morton
1964,436,Solomon Burke 'Everybody Needs Somebody to Love',Burke  Bert Berns  Jerry Wexler
1964,454,The Shangri Las 'Leader of the Pack',George  Shadow  Morton  Jeff Barry  Ellie Greenwich
1964,475,The Supremes 'Where Did Our Love Go',Brian Holland  Lamont Dozier  Eddie Holland
1964,489,The Drifters 'Under the Boardwalk',Arthur Resnick  Kenny Young
1965,1,Bob Dylan 'Like a Rolling Stone',Dylan
1965,2,The Rolling Stones '(I Can't Get No) Satisfaction',Mick Jagger  Keith Richards
1965,11,The Who 'My Generation',Pete Townshend
1965,13,The Beatles 'Yesterday',John Lennon  Paul McCartney
1965,23,The Beatles 'In My Life',John Lennon  Paul McCartney
1965,24,The Impressions 'People Get Ready',Curtis Mayfield
1965,29,The Beatles 'Help!',John Lennon  Paul McCartney
1965,50,Smokey Robinson and the Miracles 'The Tracks of My Tears',Pete Moore  Robinson  Marv Tamplin
1965,72,The Beach Boys 'California Girls',Brian Wilson  Mike Love
1965,78,James Brown 'I Got You (I Feel Good)',Brown
1965,79,The Byrds 'Mr. Tambourine Man',Bob Dylan
1965,83,The Beatles 'Norwegian Wood (This Bird Has Flown)',John Lennon  Paul McCartney
1965,88,The Temptations 'My Girl',Smokey Robinson  Ronald White
1965,89,The Mamas and the Papas 'California Dreamin'',John and Michelle Phillips
1965,107,Bob Dylan 'Mr. Tambourine Man',Dylan
1965,111,Otis Redding 'I've Been Loving You too Long (to Stop Now)',Jerry Butler  Redding
1965,135,Wilson Pickett 'In the Midnight Hour',Pickett  Steve Cropper
1965,153,The Jimi Hendrix Experience 'Foxey Lady',Hendrix
1965,157,Simon and Garfunkel 'The Sounds of Silence',Paul Simon
1965,187,Bob Dylan 'Desolation Row',Dylan
1965,206,Bob Dylan 'Positively 4th Street',Dylan
1965,211,Them 'Gloria',Van Morrison
1965,218,The Lovin' Spoonful 'Do You Believe in Magic',John Sebastian
1965,235,The Animals 'We Gotta Get Out of This Place',Barry Mann  Cynthia Weil
1965,237,The Byrds 'I'll Feel a Whole Lot Better',Gene Clark
1965,266,Smokey Robinson and The Miracles 'Ooo Baby Baby',Robinson Warren Moore
1965,322,The Animals 'Don't Let Me Be Misunderstood',Bennie Benjamin  Sol Marcus Gloria Caldwell
1965,340,Bob Dylan 'Subterranean Homesick Blues',Dylan
1965,367,Martha and the Vandellas 'Nowhere to Run',Brian Holland  Lamont Dozier  Eddie Holland
1965,373,Bob Dylan 'Highway 61 Revisited',Dylan
1965,374,The Righteous Brothers 'Unchained Melody',Alex North  Hy Zaret
1965,380,The Who 'I Can't Explain',Pete Townshend
1965,394,The Beatles 'Ticket to Ride',John Lennon  Paul McCartney
1965,422,The Four Tops 'Can't Help Myself',Eddie Holland  Lamont Dozier  Brian Holland
1965,451,Sonny and Cher 'I Got You Babe',Sonny Bono
1966,6,The Beach Boys 'Good Vibrations',Brian Wilson  Mike Love
1966,25,The Beach Boys 'God Only Knows',Brian Wilson  Tony Asher
1966,33,Ike and Tina Turner 'River Deep   Mountain High',Phil Spector  Jeff Barry  Ellie Greenwich
1966,53,Percy Sledge 'When a Man Loves a Woman',Calvin Lewis  Andrew Wright
1966,71,James Brown 'Papa's Got A Brand New Bag',Brown
1966,124,James Brown 'It's A Man's Man's Man's World',Brown  Betty Jean Newsome
1966,138,The Beatles 'Eleanor Rigby',John Lennon  Paul McCartney
1966,151,The Byrds 'Eight Miles High',Gene Clark  Roger McGuinn  David Crosby
1966,176,The Rolling Stones 'Paint it Black',Mick Jagger  Keith Richards
1966,177,The Bobby Fuller Four 'I Fought the Law',Sonny Curtis  Fuller
1966,201,The Jimi Hendrix Experience 'Hey Joe',William Roberts
1966,207,Otis Redding 'Try a Little Tenderness',Jimmy Campbell  Reginald Connelly  Harry Woods
1966,209,The Four Tops 'Reach Out I'll Be There',Eddie Holland  Lamont Dozier  Brian Holland
1966,213,? and the Mysterians '96 Tears',Rudy Martinez
1966,214,The Beach Boys 'Caroline No',Brian Wilson  Tony Asher
1966,222,The Left Banke 'Walk Away Renee',Michael Brown  Bob Calilli  Tony Sansone
1966,232,Bob Dylan 'Just Like a Woman',Dylan
1966,247,The Spencer Davis Group 'Gimme Some Lovin'',Davis  Steve Winwood  Muff Winwood
1966,261,The Troggs 'Wild Thing',Chip Taylor
1966,276,The Beach Boys 'Sloop John B',Traditional  Brian Wilson
1966,333,The Young Rascals 'Good Lovin'',Rudy Clark  Arthur Resnick
1966,348,The Supremes 'You Keep Me Hanging On',Brian Holland Lamont Dozier  Eddie Holland
1966,391,Aaron Neville 'Tell It Like It Is',George Davis  Lee Diamond
1966,401,The Lovin' Spoonful 'Summer in the City',John Sebastian  Steve Boone  Mark Sebastian
1966,413,Bob Dylan 'Visions of Johanna',Dylan
1966,441,Wilson Pickett 'Mustang Sally',Sir Mack Rice
1966,469,The Beatles 'Rain',John Lennon  Paul McCartney
1966,470,The Four Tops 'Standing in the Shadows of Love',Brian Holland  Lamont Dozier  Eddie Holland
1967,5,Aretha Franklin 'Respect',Otis Redding
1967,17,The Jimi Hendrix Experience 'Purple Haze',Hendrix
1967,28,The Beatles 'A Day in the Life',John Lennon  Paul McCartney
1967,35,The Doors 'Light My Fire',Robby Krieger  John Densmore  Jim Morrison  Ray Manzarek
1967,57,Procol Harum 'Whiter Shade of Pale',Keith Reid  Gary Brooker
1967,63,Buffalo Springfield 'For What It's Worth',Stephen Stills
1967,76,The Beatles 'Strawberry Fields Forever',John Lennon  Paul McCartney
1967,110,Van Morrison 'Brown Eyed Girl',Morrison
1967,161,The Velvet Underground 'I'm Waiting for the Man',Lou Reed
1967,189,Aretha Franklin 'I Never Loved a Man (the Way I Love You)',Ronny Shannon
1967,248,Jackie Wilson '(Your Love Keeps Lifting Me) Higher and Higher',Gary Jackson  Raynard Miner  Carl Smith
1967,252,Aretha Franklin 'Chain of Fools',Don Covay
1967,262,The Who 'I Can See For Miles',Pete Townshend
1967,279,Jefferson Airplane 'Somebody to Love',Darby Slick
1967,310,The Rolling Stones 'Ruby Tuesday',Mick Jagger  Keith Richards
1967,311,The Beatles 'With a Little Help From My Friends',John Lennon  Paul McCartney
1967,336,The Doors 'The End',John Densmore  Robbie Krieger  Ray Manzarek  Jim Morrison
1967,370,The Beatles 'All You Need is Love',John Lennon  Paul McCartney
1967,372,The Box Tops 'The Letter',Wayne Carson Thompson
1967,379,The Jimi Hendrix Experience 'The Wind Cries Mary',Hendrix
1967,419,Bobbie Gentry 'Ode to Billie Joe',Gentry
1967,455,The Velvet Underground 'Heroin',Lou Reed
1967,456,The Beatles 'Penny Lane',John Lennon  Paul McCartney
1967,463,Sam and Dave 'Soul Man',Isaac Hayes  David Porter
1967,476,Aretha Franklin 'Do Right Woman - Do Right Man',Chips Moman  Dan Penn
1967,483,Jefferson Airplane 'White Rabbit',Grace Slick
1968,8,The Beatles 'Hey Jude',John Lennon  Paul McCartney
1968,26,Otis Redding '(Sittin' on) the Dock of the Bay',Redding  Steve Cropper
1968,32,The Rolling Stones 'Sympathy for the Devil',Mick Jagger  Keith Richards
1968,41,The Band 'The Weight',Robbie Robertson
1968,42,The Kinks 'Waterloo Sunset',Ray Davies
1968,47,The Jimi Hendrix Experience 'All Along the Watchtower',Bob Dylan
1968,65,Cream 'Sunshine of Your Love',Jack Bruce  Pete Brown  Eric Clapton
1968,81,Marvin Gaye 'I Heard It Through the Grapevine',Barrett Strong  Norman Whitfield
1968,102,The Jimi Hendrix Experience 'Voodoo Child (Slight Return)',Jimi Hendrix
1968,125,The Rolling Stones 'Jumpin' Jack Flash',Mick Jagger  Keith Richards
1968,130,Steppenwolf 'Born to Be Wild',Mars Bonfire
1968,136,The Beatles 'While My Guitar Gently Weeps',George Harrison
1968,146,Sly and the Family Stone 'Everyday People',Sly Stone
1968,195,Glen Campbell 'Wichita Lineman',Jimmy Webb
1968,225,Sly and the Family Stone 'Dance to the Music',Sylvester Stewart (Sly Stone)
1968,242,Dusty Springfield 'Son of a Preacher Man',John Hurley  Ronnie Wilkins
1968,270,Archie Bell and The Drells 'Tighten Up',Bell  Billy Butler
1968,301,The Rolling Stones 'Street Fighting Man',Mick Jagger  Keith Richards
1968,312,James Brown 'Say It Loud   I'm Black and I'm Proud',Brown  Pee Wee Ellis
1968,353,Big Brother and the Holding Company 'Piece of My Heart',Bert Berns  Jerry Ragovoy
1968,366,The Jimi Hendrix Experience 'Little Wing',Hendrix
1968,376,Cream 'White Room',Pete Brown  Jack Bruce
1968,442,Love 'Alone Again Or',Bryan MacLean
1969,38,The Rolling Stones 'Gimme Shelter',Mick Jagger  Keith Richards
1969,75,Led Zeppelin 'Whole Lotta Love',Willie Dixon  Led Zeppelin
1969,91,Elvis Presley 'Suspicious Minds',Mark James
1969,99,Creedence Clearwater Revival 'Fortunate Son',John Fogerty
1969,101,The Rolling Stones 'You Can't Always Get What You Want',Mick Jagger  Keith Richards
1969,106,Simon and Garfunkel 'The Boxer',Paul Simon
1969,116,The Rolling Stones 'Honky Tonk Women',Mick Jagger  Keith Richards
1969,121,The Jackson 5 'I Want You Back',Freddie Perren  Fonce Mizell  Deke Richards  Berry Gordy Jr.
1969,156,Creedence Clearwater Revival 'Proud Mary',John Fogerty
1969,171,Joni Mitchell 'Both Sides Now',Mitchell
1969,185,B.B. King 'The Thrill is Gone',Roy Hawkins  Rick Darnell
1969,205,The Beatles 'Come Together',John Lennon  Paul McCartney
1969,244,Sly and the Family Stone 'Stand!',Sly Stone
1969,249,The Band 'The Night They Drove Old Dixie Down',Robbie Robertson
1969,250,Sly and the Family Stone 'Hot Fun in the Summertime',Sly Stone
1969,263,The Dells 'Oh What A Night',Marvin Junior  John Funches
1969,278,The Beatles 'Something',George Harrison
1969,325,Jimmy Cliff 'Many Rivers to Cross',Cliff
1969,328,Led Zeppelin 'Heartbreaker',Jimmy Page  Robert Plant  John Bonham  John Paul Jones
1969,364,Creedence Clearwater Revival 'Bad Moon Rising',John Fogerty
1969,393,The Allman Brothers Band 'Whipping Post',Gregg Allman
1969,426,Crosby Stills and Nash 'Suite: Judy Blue Eyes',Stephen Stills
1969,428,The Isley Brothers 'It's Your Thing',Rudolph Isley  Ronald lsley  O Kelly Isley
1969,440,Led Zeppelin 'Ramble On',Jimmy Page  Robert Plant
1969,445,The Stooges 'I Wanna Be Your Dog',Dave Alexander  Ron Asheton  Scott Asheton  Iggy Pop
1970,20,The Beatles 'Let It Be',John Lennon  Paul McCartney
1970,27,Derek and the Dominos 'Layla',Eric Clapton  Jim Gordon
1970,48,Simon and Garfunkel 'Bridge Over Troubled Water',Paul Simon
1970,137,Elton John 'Your Song',Bernie Taupin  John
1970,188,Creedence Clearwater Revival 'Who'll Stop the Rain',John Fogerty
1970,227,James Taylor 'Fire and Rain',Taylor
1970,231,Van Morrison 'Moondance',Morrison
1970,253,Black Sabbath 'Paranoid',Geezer Butler  Tony Iommi  Ozzy Osbourne  William Ward
1970,334,James Brown 'Get Up (I Feel Like Being a) Sex Machine',Brown  Bobby Byrd Ron Lenhoff
1970,341,Norman Greenbaum 'Spirit in the Sky',Greenbaum
1970,342,The Velvet Underground 'Sweet Jane',Lou Reed
1970,347,Paul McCartney 'Maybe I'm Amazed',McCartney
1970,395,Crosby Stills Nash and Young 'Ohio',Neil Young
1970,402,The Five Stairsteps 'O o h Child',Stan Vincent
1970,410,Sly and the Family Stone 'Thank You (Falettinme Be Mice Elf Agin)',Sly Stone
1970,414,Carpenters 'We've Only Just Begun',Paul Williams  Roger Nichols
1970,460,George Harrison 'My Sweet Lord',Harrison
1970,474,Van Morrison 'Into the Mystic',Morrison
1971,3,John Lennon 'Imagine',John Lennon
1971,4,Marvin Gaye 'What's Going On',Gaye  Renaldo Benson  Al Cleveland
1971,31,Led Zeppelin 'Stairway to Heaven',Jimmy Page  Robert Plant
1971,60,Al Green 'Let's Stay Together',Al Green  Al Jackson Jr.  Willie Mitchell
1971,128,David Bowie 'Changes',Bowie
1971,131,Rod Stewart 'Maggie May',Stewart  Martin Quittenton
1971,134,The Who 'Won't Get Fooled Again',Pete Townshend
1971,139,Sly and the Family Stone 'Family Affair',Sly Stone
1971,148,Janis Joplin 'Me and Bobby McGee',Kris Kristofferson  Fred Foster
1971,285,Bill Withers 'Ain't No Sunshine',Withers
1971,299,Al Green 'Tired of Being Alone',Green
1971,300,Led Zeppelin 'Black Dog',Jimmy Page  Robert Plant  John Paul Jones
1971,317,Black Sabbath 'Iron Man',Black Sabbath
1971,343,The Rolling Stones 'Wild Horses',Mick Jagger  Keith Richards
1971,349,The Who 'Baba O'Riley',Pete Townshend
1971,397,Elton John 'Tiny Dancer',John  Bernie Taupin
1971,399,The Temptations 'Just My Imagination',Norman Whitfield  Barrett Strong
1971,468,The Staple Singers 'Respect Yourself',Luther Ingram  Mack Rice
1971,487,Alice Cooper 'I'm Eighteen',Michael Bruce  Glen Buxton  Cooper  Dennis Dunway  Neal Smith
1971,495,The Rolling Stones 'Brown Sugar',Mick Jagger  Keith Richards
1972,73,Stevie Wonder 'Superstition',Wonder
1972,98,Al Green 'Love and Happiness',Green  Mabon  Teenie  Hodges
1972,169,The Temptations 'Papa Was a Rollin' Stone',Norman Whitfield  Barrett Strong
1972,208,Bill Withers 'Lean on Me',Withers
1972,223,Lou Reed 'Walk on the Wild Side',Reed
1972,245,Elton John 'Rocket Man',John  Bernie Taupin
1972,256,Mott the Hoople 'All the Young Dudes',David Bowie
1972,268,Randy Newman 'Sail Away',Newman
1972,281,The Staple Singers I'll Take You There,Alvertis Isbell (Al Bell)
1972,282,David Bowie 'Ziggy Stardust',Bowie
1972,287,Stevie Wonder 'You Are the Sunshine of My Life',Wonder
1972,303,Neil Young 'Heart of Gold',Young
1972,326,Alice Cooper 'School's Out',Michael Bruce  Glen Buxton  Cooper  Dennis Dunway  Neal Smith
1972,406,Big Star 'Thirteen',Alex Chilton  Chris Bell
1972,433,Rolling Stones 'Tumbling Dice',Mick Jagger  Keith Richards
1973,105,Stevie Wonder 'Living for the City',Wonder
1973,168,Marvin Gaye 'Let's Get It On',Gaye  Ed Townsend
1973,173,Aerosmith 'Dream On',Steven Tyler
1973,192,Bob Dylan 'Knockin' on Heaven's Door',Dylan
1973,193,Lynyrd Skynyrd 'Free Bird',Allen Collins Ronnie Van Zant
1973,265,Stevie Wonder 'Higher Ground',Wonder
1973,271,New York Dolls 'Personality Crisis',David Johansen  Johnny Thunders
1973,356,Elton John 'Candle in the Wind',John  Bernie Taupin
1973,357,The Isley Brothers 'That Lady (Part 1 and 2)',The Isley Brothers
1973,369,Roberta Flack 'Killing Me Softly With His Song',Norman Gimbel  Charles Fox
1973,390,Elton John 'Goodbye Yellow Brick Road',John  Bernie Taupin
1973,429,Billy Joel 'Piano Man',Joel
1973,434,Deep Purple 'Smoke on the Water',Ritchie Blackmore  Ian Gillian  Roger Glover  Jon Lord  Ian Paice
1973,439,Gladys Knight and the Pips 'Midnight Train to Georgia',Jim Weatherly
1973,450,Bob Marley and the Wailers 'I Shot the Sheriff',Marley
1973,453,Toots and the Maytals 'Pressure Drop',Toots Hibbert
1974,117,Al Green 'Take Me to the River',Green  Mabon Hodges
1974,180,Big Star 'September Gurls',Alex Chilton
1974,219,Dolly Parton 'Jolene',Parton
1974,288,Joni Mitchell 'Help Me',Mitchell
1974,407,Lynyrd Skynyrd 'Sweet Home Alabama',Ed King  Gary Rossington  Ronnie Van Zant
1975,21,Bruce Springsteen 'Born to Run',Springsteen
1975,37,Bob Marley 'No Woman No Cry',Vincent Ford  Marley
1975,68,Bob Dylan 'Tangled Up in Blue',Dylan
1975,86,Bruce Springsteen 'Thunder Road',Springsteen
1975,141,Led Zeppelin 'Kashmir',John Bonham  Jimmy Page  Robert Plant
1975,166,Queen 'Bohemian Rhapsody',Freddie Mercury
1975,302,Bob Marley and the Wailers 'Get Up Stand Up',Bob Marley  Peter Tosh
1975,309,Willie Nelson 'Blue Eyes Crying in the Rain',Fred Rose
1975,324,Pink Floyd 'Wish You Were Here',David Gilmour  Roger Waters
1975,329,Neil Young 'Cortez the Killer',Young
1975,350,Jimmy Cliff 'The Harder They Come',Cliff
1975,416,Aerosmith 'Sweet Emotion',Steven Tyler  Tom Hamilton
1975,485,LaBelle 'Lady Marmalade',Bob Crewe  Kenny Nolan
1975,486,David Bowie 'Young Americans',Bowie
1976,49,The Eagles 'Hotel California',Don Felder  Glenn Frey  Don Henley
1976,92,Ramones 'Blitzkrieg Bop',The Ramones
1976,174,Abba 'Dancing Queen',Benny Andersson Bj rn Ulvaeus  Stig Anderson
1976,274,The Modern Lovers 'Roadrunner',Jonathan Richman
1976,346,Aerosmith 'Walk This Way',Steven Tyler  Joe Perry
1976,405,Blue ?yster Cult '(Don't Fear) the Reaper',Donald Roeser
1977,46,David Bowie 'Heroes',Bowie  Brian Eno
1977,56,The Sex Pistols 'Anarchy in the U.K.',Paul Cook  Steve Jones  Glen Matlock  Johnny Rotten
1977,120,Fleetwood Mac 'Go Your Own Way',Lindsey Buckingham
1977,149,Iggy Pop 'Lust for Life',David Bowie  Pop
1977,175,The Sex Pistols 'God Save the Queen',Johnny Rotten  Steve Jones  Glen Matlock  Paul Cook
1977,191,Bee Gees 'Stayin' Alive',Robin Gibb  Barry Gibb  Maurice Gibb
1977,202,Parliament 'Flash Light',George Clinton  Bernie Worrell  Bootsy Collins
1977,323,Elvis Costello 'Alison',Costello
1977,338,Queen 'We Will Rock You',Brian May  Mike Stone
1977,363,Elvis Costello 'Watching the Detectives',Costello
1977,375,Bee Gees 'How Deep Is Your Love',Bee Gees
1977,381,Television 'Marquee Moon',Tom Verlaine
1977,418,Donna Summer 'I Feel Love',Summer  Giorgio Moroder  Pete Bellotte
1977,461,Ramones 'Sheena Is a Punk Rocker',Ramones
1977,496,Jackson Browne 'Running on Empty',Browne
1978,145,Ramones 'I Wanna Be Sedated',Ramones
1978,259,Blondie 'Heart of Glass',Deborah Harry  Chris Stein
1978,305,Blondie 'One Way or Another',Deborah Harry  Nigel Harrison
1978,308,Rod Stewart 'Da Ya Think I'm Sexy?',Stewart  Carmine Appice
1978,443,The Rolling Stones 'Beast of Burden',Mick Jagger  Keith Richards
1978,471,Cheap Trick 'Surrender',Rick Nielsen
1978,492,Gloria Gaynor 'I Will Survive',Dino Fekaris  Freddie Perren
1978,498,The Rolling Stones 'Miss You',Mick Jagger  Keith Richards
1979,104,Donna Summer 'Hot Stuff',Pete Bellotte  Harold Faltermeyer  Keith Forsey
1979,147,The B 52's 'Rock Lobster',Fred Schneider  Ricky Wilson
1979,229,Chic 'Good Times',Nile Rodgers  Bernard Edwards
1979,251,Sugarhill Gang 'Rapper's Delight',S. Robinson  H. Jackson  M. Wright  G. O Brien
1979,258,AC/DC 'Highway to Hell',Angus Young  Malcolm Young  Bon Scott
1979,290,Elvis Costello and the Attractions '(What's So Funny About) Peace Love and Understanding',Nick Lowe
1979,298,The Clash 'Train in Vain',Mick Jones  Joe Strummer
1979,321,Pink Floyd 'Comfortably Numb',David Gilmour  Roger Waters
1979,331,Patti Smith Group 'Dancing Barefoot',Smith  Ivan Kral
1979,371,The Clash 'Complete Control',Mick Jones  Joe Strummer
1979,384,Pink Floyd 'Another Brick in the Wall Part 2',Roger Waters
1979,398,The Police 'Roxanne',Sting
1979,437,The Clash '(White Man) In Hammersmith Palais',Mick Jones  Joe Strummer
1980,15,The Clash 'London Calling',Mick Jones  Joe Strummer
1980,66,Bob Marley and the Wailers 'Redemption Song',Marley
1980,181,Joy Division 'Love Will Tear Us Apart',Ian Curtis  Peter Hook  Stephen Morris  Bernard Sumner
1980,190,AC/DC 'Back in Black',Angus Young  Malcolm Young  Brian Johnson
1980,275,George Jones 'He Stopped Loving Her Today',Bobby Braddock Curly Putnam
1980,289,Blondie 'Call Me',Giorgio Moroder  Deborah Harry
1980,313,The Jam 'That's Entertainment',Paul Weller
1981,481,Rick James 'Super Freak',James  Alonzo Miller
1982,51,Grandmaster Flash and the Furious Five 'The Message',Duke Bootee  Melle Mel
1982,215,Prince '1999',Prince
1982,228,The Clash 'Should I Stay or Should I Go',The Clash
1982,233,Marvin Gaye 'Sexual Healing',Gaye  Odell Brown  David Ritz
1982,240,Afrika Bambaataa and the Soul Sonic Force 'Planet Rock',Bambaataa  John Robie  the Soul Sonic Force
1982,344,Michael Jackson 'Beat It',Jackson
1982,491,Joan Jett and the Blackhearts 'I Love Rock 'N Roll',Jake Hooker  Alan Merrill
1983,58,Michael Jackson 'Billie Jean',Jackson
1983,84,The Police 'Every Breath You Take',Sting
1983,109,Prince 'Little Red Corvette',Prince
1983,272,U2 'Sunday Bloody Sunday',Bono  the Edge  Adam Clayton  Larry Mullen Jr.
1983,365,Eurythmics 'Sweet Dreams (Are Made of This)',Annie Lennox  Dave Stewart
1983,389,R.E.M. 'Radio Free Europe',R.E.M.
1983,435,U2 'New Year's Day',Bono  the Edge  Adam Clayton  Larry Mullen Jr.
1983,447,John Cougar Mellencamp 'Pink Houses',Mellencamp
1984,52,Prince 'When Doves Cry',Prince
1984,144,Prince and the Revolution 'Purple Rain',Prince
1984,280,Bruce Springsteen 'Born in the U.S.A.',Springsteen
1984,316,Tina Turner 'What's Love Got to Do With It',Terry Britten  Graham Lyle
1984,388,U2 'Pride (In the Name of Love)',Bono  the Edge  Adam Clayton  Larry Mullen Jr.
1984,423,Don Henley 'The Boys of Summer',Henley  Mike Campbell
1984,431,The Smiths 'William It Was Really Nothing',Johnny Marr  Morrissey
1984,479,Foreigner 'I Want to Know What Love Is',Mick Jones
1985,477,The Smiths 'How Soon Is Now?',Johnny Marr  Morrissey
1986,204,New Order 'Bizarre Love Triangle',Bernard Albrecht  Gillian Gilbert  Peter Hook  Stephen Morris
1986,293,Run DMC 'Walk This Way',Steven Tyler  Joe Perry
1986,464,Prince and the Revolution 'Kiss',Prince and the Revolution
1987,93,U2 'I Still Haven't Found What I'm Looking For',Bono
1987,132,U2 'With or Without You',Bono  the Edge  Adam Clayton  Larry Mullen Jr.
1987,198,Guns n' Roses 'Sweet Child O'Mine',Guns n  Roses
1987,304,Prince 'Sign 'O' The Times',Prince
1987,396,Eric B. and Rakim 'Know You Got Soul',Eric B. and Rakim
1987,446,Salt 'n Pepa 'Push It',Hurby  Luv Bug  Azor
1987,459,Guns N' Roses 'Paradise City',Guns n  Roses
1987,473,Guns N' Roses 'Welcome to the Jungle',Guns n  Roses
1987,488,The Cure 'Just Like Heaven',Robert Smith  Simon Gallup  Porl Thompson  Lol Tolhurst  Boris Williams
1988,162,Public Enemy 'Bring the Noise',Carlton Ridenhour  Eric Sadler  Hank Shocklee
1988,167,Tracy Chapman 'Fast Car',Chapman
1989,179,Tom Petty 'Free Fallin'',Petty  Jeff Lynne
1989,216,Neil Young 'Rockin' in the Free World',Young
1989,246,The B 52's 'Love Shack',Kate Pierson  Fred Schneider  Keith Strickland  Cindy Wilson
1989,283,The Cure 'Pictures of You',Robert Smith  Simon Gallup  Boris Williams  Porl Thompson  Roger O Donnell  Lol Tolhurst
1989,306,Madonna 'Like A Prayer',Madonna  Patrick Leonard
1989,330,Public Enemy 'Fight the Power',Chuck D  Eric Sadler  Hank Shocklee  Keith Shocklee
1989,377,Depeche Mode 'Personal Jesus',Martin Gore
1989,417,Pixies 'Monkey Gone to Heaven',Black Francis
1989,425,N.W.A 'Fuck tha Police',Ice Cube  MC Ren
1990,165,Sinead O'Connor 'Nothing Compares 2 U',Prince
1991,9,Nirvana 'Smells Like Teen Spirit',Kurt Cobain
1991,36,U2 'One',Bono  the Edge  Adam Clayton  Larry Mullen Jr.
1991,170,R.E.M. 'Losing My Religion',Berry  Buck  Mills  Stipe
1991,339,Bonnie Raitt 'I Can't Make You Love Me',Mike Reid  Allen Shamblin
1991,408,Metallica 'Enter Sandman',James Hetfield  Lars Ulrich  Kirk Hammett
1991,415,Nirvana 'In Bloom',Kurt Cobain
1991,452,Nirvana 'Come As You Are',Kurt Cobain  Nirvana
1992,292,Pavement 'Summer Babe (Winter Version)',Stephen Malkmus
1992,362,Eric Clapton 'Tears in Heaven',Clapton  Will Jennings
1993,203,Beck 'Loser',Beck Hansen
1993,427,Dr. Dre 'Nuthin' But a 'G' Thang',Snoop Dogg
1993,462,Nirvana 'All Apologies',Kurt Cobain
1994,264,Jeff Buckley 'Hallelujah',Leonard Cohen
1994,424,The Notorious B.I.G. 'Juicy',The Notorious B.I.G.
1994,480,Beastie Boys 'Sabotage',Beastie Boys
1994,499,Weezer 'Buddy Holly',Rivers Cuomo
1995,385,Radiohead 'Fake Plastic Trees',Radiohead
1996,355,Dr. Dre and 2Pac 'California Love',Dr. Dre  Chris Stainton  Roger Troutman  Larry Troutman  2Pac
1997,257,Radiohead 'Paranoid Android',Thom Yorke
1997,392,The Verve 'Bitter Sweet Symphony',Mick Jagger  Keith Richards  Richard Ashcroft
1999,467,Jay Z Featuring UGK 'Big Pimpin'',Jay-Z  Bun B  Pimp C  Timbaland  Kyambo Joshua
2000,296,Eminem feat. Dido 'Stan',Marshall Mathers D. Armstrong  P. Herman
2000,307,Daft Punk 'One More Time',Thomas Bangalter  Guy-Manuel de Homem-Christo  Anthony Moore
2000,345,U2 'Beautiful Day',U2
2001,260,Bob Dylan 'Mississippi',Dylan
2001,466,Missy Elliott 'Get Ur Freak On',Elliott  Timbaland
2001,478,The Strokes 'Last Nite',Julian Casablancas
2002,448,50 Cent 'In Da Club',50 Cent  Dr. Dre  Mike Elizondo
2002,484,Justin Timberlake 'Cry Me a River',Timbaland  Scott Storch  Timberlake
2002,490,Coldplay 'Clocks',Coldplay
2002,494,R. Kelly 'Ignition (Remix)',Kelly
2002,497,Bruce Springsteen 'The Rising',Springsteen
2003,118,Beyonce feat. Jay Z 'Crazy in Love',Rich Harrison  Beyonce  Jay-Z
2003,172,Jay Z '99 Problems',Jay-Z  Rick Rubin
2003,182,OutKast 'Hey Ya!',Andr  3000
2003,286,The White Stripes 'Seven Nation Army',Jack White
2004,273,Kanye West 'Jesus Walks',Kanye West  Rhymefest
2004,327,Franz Ferdinand 'Take Me Out',Alex Kapranos  Nick McCarthy
2004,386,Yeah Yeah Yeahs 'Maps',Yeah Yeah Yeahs
2004,432,Green Day 'American Idiot',Green Day
2004,482,Kelly Clarkson 'Since U Been Gone',Dr. Luke  Max Martin
2006,100,Gnarls Barkley 'Crazy',Brian Burton  Thomas Calloway  Gianfranco Reverberi  Gian Piero Reverberi
2007,194,Amy Winehouse 'Rehab',Winehouse
2007,236,M.I.A. 'Paper Planes',M.I.A.  Diplo
2007,412,Rihanna Featuring Jay Z 'Umbrella',The-Dream  Kuk Harrell  Jay-Z  Christopher  Tricky  Stewart
2008,493,MGMT 'Time to Pretend',Ben Goldwasser  Andrew VanWyngarden
2009,160,U2 'Moment of Surrender',Bono  the Edge  Adam Clayton  Larry Mullen Jr.
